{
    "rmse": 0.6798632009475308,
    "mae": 0.5262479481999016,
    "r2": 0.36402054005349294
}