{
    "rmse": 0.66823221064323,
    "mae": 0.5229012986807696,
    "r2": 0.3088774379490201
}